Title,Author,Format-Year
N/A,,"eAudiobook, 2025 eAudiobook, 2025 eAudiobook, 2025"
N/A,,"eBook, 2025 — Spanish eBook, 2025 — Spanish eBook, 2025. Language: Spanish"
N/A,,"eAudiobook, 2024 eAudiobook, 2024 eAudiobook, 2024"
N/A,,"eAudiobook, 2024 eAudiobook, 2024 eAudiobook, 2024"
N/A,,"eBook, 2024 eBook, 2024 eBook, 2024"
N/A,,"eBook, 2024 eBook, 2024 eBook, 2024"
N/A,,"eBook, 2024 eBook, 2024 eBook, 2024"
N/A,,"eBook, 2023 eBook, 2023 eBook, 2023"
N/A,,"eBook, 2022 eBook, 2022 eBook, 2022"
N/A,,"eBook, 2021 eBook, 2021 eBook, 2021"
N/A,,"eBook, 2021 eBook, 2021 eBook, 2021"
N/A,,"eBook, 2021 eBook, 2021 eBook, 2021"
N/A,,"eBook, 2021 eBook, 2021 eBook, 2021"
N/A,,"eAudiobook, 2020 — Chinese eAudiobook, 2020 — Chinese eAudiobook, 2020. Language: Chinese"
N/A,,"eAudiobook, 2018 eAudiobook, 2018 eAudiobook, 2018"
N/A,,"eBook, 2017 eBook, 2017 eBook, 2017"
N/A,,"eAudiobook, 2016 eAudiobook, 2016 eAudiobook, 2016"
N/A,,"eBook, 2016 eBook, 2016 eBook, 2016"
N/A,,"eBook, 2016 — Spanish eBook, 2016 — Spanish eBook, 2016. Language: Spanish"
N/A,,"eBook, 2013 eBook, 2013 eBook, 2013"
